
CREATE DATABASE IF NOT EXISTS ecommerce_22B;
use ecommerce_22B;

--  tabela Customers
CREATE TABLE IF NOT EXISTS Customers (
   customer_id INT PRIMARY KEY,
   first_name VARCHAR(50),
   last_name VARCHAR(50),
   email VARCHAR(100)
);

-- tabela Orders
CREATE TABLE IF NOT EXISTS Orders (
   order_id INT PRIMARY KEY,
   customer_id INT,
   order_date DATE,
   FOREIGN KEY (customer_id) REFERENCES Customers(customer_id)
);

-- tabela Products
CREATE TABLE IF NOT EXISTS Products (
   product_id INT PRIMARY KEY,
   product_name VARCHAR(100),
   price DECIMAL(10, 2)
);

-- tabela Order_Items
CREATE TABLE IF NOT EXISTS Order_Items (
   order_item_id INT PRIMARY KEY,
   order_id INT,
   product_id INT,
   quantity INT,
   FOREIGN KEY (order_id) REFERENCES Orders(order_id),
   FOREIGN KEY (product_id) REFERENCES Products(product_id)
);

-- tabela Customers
INSERT INTO Customers (customer_id, first_name, last_name, email) VALUES
(1, 'Ana', 'Silva', 'ana.silva@example.com'),
(2, 'Bruno', 'Santos', 'bruno.santos@example.com'),
(3, 'Carlos', 'Pereira', 'carlos.pereira@example.com'),
(4, 'Daniela', 'Oliveira', 'daniela.oliveira@example.com');

--  tabela Orders
INSERT INTO Orders (order_id, customer_id, order_date) VALUES
(1, 1, '2023-07-01'),
(2, 2, '2023-07-02'),
(3, 1, '2023-07-03'),
(4, 3, '2023-07-04');

-- tabela Products
INSERT INTO Products (product_id, product_name, price) VALUES
(1, 'Notebook', 2500.00),
(2, 'Mouse', 50.00),
(3, 'Teclado', 100.00),
(4, 'Monitor', 600.00);

--  tabela Order_Items
INSERT INTO Order_Items (order_item_id, order_id, product_id, quantity) VALUES
(1, 1, 1, 1),
(2, 1, 2, 2),
(3, 2, 2, 1),
(4, 2, 3, 1),
(5, 3, 1, 2),
(6, 4, 4, 1);

USE ecommerce_22b;

-- exercicio 1.

SELECT order_id, order_date, CONCAT(first_name, ' ', last_name) as name, email
FROM Orders JOIN Customers
ON Orders.customer_id = Customers.customer_id
;

-- exercicio 2.

SELECT product_name, quantity, customer_id
FROM Products JOIN Order_Items
ON Products.product_id = Order_Items.product_id
JOIN Orders
ON Order_Items.order_id = Orders.order_id
WHERE customer_id = 1
;

-- exercicio 3.

SELECT CONCAT(first_name, ' ', last_name) as name, SUM(price*quantity)
FROM Customers JOIN Orders
ON Customers.customer_id = Orders.customer_id
JOIN Order_Items
ON Orders.order_id = Order_Items.order_id
JOIN Products
ON Order_Items.product_id = Products.product_id
GROUP BY name
;

--  ex 4.

SELECT CONCAT(first_name, ' ', last_name) as name
FROM Customers LEFT JOIN Orders
ON Customers.customer_id = Orders.customer_id
WHERE order_id IS null
;

-- ex 5.

SELECT product_name, SUM(quantity) as total
FROM Order_Items JOIN Products
ON Order_Items.product_id = Products.product_id
GROUP BY product_name
ORDER BY total DESC